42,s_two_s_prec_width_2fit_0trunc,1588946318,0
43,s_two_s_prec_width_1fit_a_0trunc,1588946318,0
44,s_two_s_prec_width_1fit_b_0trunc,1588946318,0
45,s_two_s_prec_width_0fit_0trunc,1588946318,0
46,s_two_s_prec_width_2fit_1trunc_a,1588946318,0
47,s_two_s_prec_width_1fit_a_1trunc_a,1588946318,0
48,s_two_s_prec_width_1fit_b_1trunc_a,1588946318,0
49,s_two_s_prec_width_0fit_1trunc_a,1588946318,0
50,s_two_s_prec_width_2fit_1trunc_b,1588946318,0
51,s_two_s_prec_width_1fit_a_1trunc_b,1588946318,0
52,s_two_s_prec_width_1fit_b_1trunc_b,1588946318,0
53,s_two_s_prec_width_0fit_1trunc_b,1588946318,0
54,s_two_s_prec_width_2fit_2trunc,1588946318,0
55,s_two_s_prec_width_1fit_a_2trunc,1588946318,0
56,s_two_s_prec_width_1fit_b_2trunc,1588946318,0
57,s_two_s_prec_width_0fit_2trunc,1588946318,0
58,s_two_s_prec_width_2trunc,1588946318,0
59,s_two_strings_lj_and_rj,1588946318,0
60,s_two_strings_rj_and_lj,1588946318,0
61,s_null_basic_string_expansion,1588946318,0
62,s_null_only_string_expansion,1588946318,0
63,s_null_space_padded_field_width,1588946318,0
64,s_null_space_padded_over_field_width,1588946318,0
65,s_null_space_padded_field_width_lj,1588946318,0
66,s_null_space_padded_field_width2_lj,1588946318,0
67,s_null_space_padded_over_field_width_lj,1588946318,0
68,s_null_string_prec_notrunc,1588946318,0
69,s_null_string_prec_trunc,1588946318,0
70,s_null_string_prec_default,1588946318,0
71,s_null_string_prec_zero,1588946318,0
72,s_basic_s_hidden,1588946318,0
73,s_width_3_s_hidden,1588946318,0
74,s_width_9_s_hidden,1588946318,0
75,s_prec_no_width_s_hidden,1588946318,0
76,s_prec_9_no_width_s_hidden,1588946318,0
77,s_prec_03_no_width_s_hidden,1588946318,0
78,s_prec_09_no_width_s_hidden,1588946318,0
79,s_prec_03_no_width_s_null,1588946318,0
80,s_prec_09_no_width_s_null,1588946318,0
81,s_prec_00_no_width_s_nullchar,1588946318,0
82,s_prec_01_no_width_s_nullchar,1588946318,0
83,s_prec_03_no_width_s_nullchar,1588946318,0
84,s_prec_09_no_width_s_nullchar,1588946318,0
